{
    "results": {
        "tool": {
            "name": "pytest",
            "version": "8.4.1"
        },
        "summary": {
            "tests": 2,
            "passed": 2,
            "failed": 0,
            "skipped": 0,
            "pending": 0,
            "other": 0,
            "start": 1783388187.8696728,
            "stop": 1783388187.875799
        },
        "tests": [
            {
                "name": "test_outputs.py::test_report_exists",
                "status": "passed",
                "duration": 0.00043270799999106657,
                "start": 1783388187.8745375,
                "stop": 1783388187.8751185,
                "retries": 0,
                "file_path": "test_outputs.py"
            },
            {
                "name": "test_outputs.py::test_report_json_content",
                "status": "passed",
                "duration": 0.00034237500000244836,
                "start": 1783388187.875212,
                "stop": 1783388187.8756702,
                "retries": 0,
                "file_path": "test_outputs.py"
            }
        ]
    }
}