{
    "results": {
        "tool": {
            "name": "pytest",
            "version": "8.4.1"
        },
        "summary": {
            "tests": 2,
            "passed": 2,
            "failed": 0,
            "skipped": 0,
            "pending": 0,
            "other": 0,
            "start": 1783388089.501507,
            "stop": 1783388089.5063677
        },
        "tests": [
            {
                "name": "test_outputs.py::test_report_exists",
                "status": "passed",
                "duration": 0.0003557919999988002,
                "start": 1783388089.5053253,
                "stop": 1783388089.5058117,
                "retries": 0,
                "file_path": "test_outputs.py"
            },
            {
                "name": "test_outputs.py::test_report_json_content",
                "status": "passed",
                "duration": 0.0002762509999989504,
                "start": 1783388089.5058959,
                "stop": 1783388089.506255,
                "retries": 0,
                "file_path": "test_outputs.py"
            }
        ]
    }
}