{
    "results": {
        "tool": {
            "name": "pytest",
            "version": "8.4.1"
        },
        "summary": {
            "tests": 2,
            "passed": 2,
            "failed": 0,
            "skipped": 0,
            "pending": 0,
            "other": 0,
            "start": 1783387642.8275158,
            "stop": 1783387642.8324823
        },
        "tests": [
            {
                "name": "test_outputs.py::test_report_exists",
                "status": "passed",
                "duration": 0.0003844589998607262,
                "start": 1783387642.8312957,
                "stop": 1783387642.8318157,
                "retries": 0,
                "file_path": "test_outputs.py"
            },
            {
                "name": "test_outputs.py::test_report_json_content",
                "status": "passed",
                "duration": 0.000344043000268357,
                "start": 1783387642.8318992,
                "stop": 1783387642.8323414,
                "retries": 0,
                "file_path": "test_outputs.py"
            }
        ]
    }
}