{
    "results": {
        "tool": {
            "name": "pytest",
            "version": "8.4.1"
        },
        "summary": {
            "tests": 2,
            "passed": 2,
            "failed": 0,
            "skipped": 0,
            "pending": 0,
            "other": 0,
            "start": 1783388273.5264556,
            "stop": 1783388273.5322201
        },
        "tests": [
            {
                "name": "test_outputs.py::test_report_exists",
                "status": "passed",
                "duration": 0.0004279589999782729,
                "start": 1783388273.5307872,
                "stop": 1783388273.531366,
                "retries": 0,
                "file_path": "test_outputs.py"
            },
            {
                "name": "test_outputs.py::test_report_json_content",
                "status": "passed",
                "duration": 0.0004437499999880856,
                "start": 1783388273.5314517,
                "stop": 1783388273.5320358,
                "retries": 0,
                "file_path": "test_outputs.py"
            }
        ]
    }
}