{
    "results": {
        "tool": {
            "name": "pytest",
            "version": "8.4.1"
        },
        "summary": {
            "tests": 2,
            "passed": 2,
            "failed": 0,
            "skipped": 0,
            "pending": 0,
            "other": 0,
            "start": 1783392370.1362355,
            "stop": 1783392370.1411192
        },
        "tests": [
            {
                "name": "test_outputs.py::test_report_exists",
                "status": "passed",
                "duration": 0.0003717920000099184,
                "start": 1783392370.140063,
                "stop": 1783392370.140566,
                "retries": 0,
                "file_path": "test_outputs.py"
            },
            {
                "name": "test_outputs.py::test_report_json_content",
                "status": "passed",
                "duration": 0.00026595899998937966,
                "start": 1783392370.1406558,
                "stop": 1783392370.141004,
                "retries": 0,
                "file_path": "test_outputs.py"
            }
        ]
    }
}